Rank,Player,Cl,Ht,Pos,S,Aces,Per Set
1,"Moni Nikolov, Long Beach St. (Big West)",Fr.,6-8,S,78,82,1.051
2,"Hilir Henno, UC Irvine (Big West)",Sr.,6-8,OH,74,55,0.743
3,"Luke Kraft, Maryville (MO) (DI Independent)",So.,6-5,OPP,74,50,0.676
4,"Andrew Deardorff, Saint Francis (NEC)",Sr.,6-5,OH,79,47,0.595
5,"Kai Vogel, Merrimack (DI Independent)",So.,6-3,OH,59,33,0.559
6,"Wojciech Nowak, Menlo (MPSF)",So.,6-3,OH,73,40,0.548
7,"Matthew Gentry, Lincoln Memorial (DI Independent)",Sr.,6-7,MB,70,37,0.529
8,"Donovan Constable, CSUN (Big West)",Sr.,6-2,S,88,45,0.511
9,"Maxim Grigoriev, UC Irvine (Big West)",Jr.,6-4,MB,74,37,0.500
10,"Shane Wetzel, Ohio St. (MIVA)",Jr.,6-7,OPP,89,44,0.494
11,"Keoni Thiim, BYU (MPSF)",Sr.,6-0,OH,75,37,0.493
12,"Diego Esquivel, Roosevelt  (DI Independent)",Jr.,6-6,MB,51,25,0.490
13,"Nyherowo Omene, Princeton (EIVA)",Sr.,6-7,OH,69,33,0.478
14,"Logan Muir, Purdue Fort Wayne (MIVA)",So.,6-5,OPP,83,39,0.470
15,"Isaiah Fedd, Fort Valley St. (SIAC)",Jr.,6-3,OH,64,30,0.469
16,"Parker Van Buren, Loyola Chicago (MIVA)",Sr.,6-9,OH,79,37,0.468
17,"Cole Hartke, Pepperdine (MPSF)",Fr.,0-0,OH,64,29,0.453
18,"Bryce Dvorak, UC San Diego (Big West)",Sr.,6-4,S,87,39,0.448
19,"Kristian Titriyski, Hawaii (Big West)",Fr.,6-5,OPP,76,34,0.447
20,"Shay Spadaro, Rockhurst (DI Independent)",Jr.,6-4,OH,85,38,0.447
21,"Ryan Barnett, Pepperdine (MPSF)",Jr.,6-5,OH,74,33,0.446
22,"Logan Whitaker, Merrimack (DI Independent)",Jr.,6-4,OH,59,26,0.441
23,"Aleksa Mandic, Sacred Heart (EIVA)",So.,6-5,OH,69,30,0.435
24,"Zach Solomon, Lindenwood (MIVA)",Jr.,6-3,S,81,35,0.432
25,"Chase Celichowski, LIU (NEC)",Jr.,6-5,OH,64,27,0.422
26,"Jackson Lahey, Mount Olive (Conference Carolinas)",Jr.,6-2,S,68,28,0.412
27,"Billy Wieberg, Daemen (NEC)",Sr.,6-4,OH,66,27,0.409
28,"Stanislaw Chacinski, Ohio St. (MIVA)",Fr.,6-7,OH,91,37,0.407
29,"Michael de la Cruz, North Greenville (Conference Carolinas)",Sr.,6-3,MB,79,32,0.405
30,"Oneil Daley, Edward Waters (SIAC)",Sr.,5-9,S,77,31,0.403
30,"Trevor Phillips, Catawba (DI Independent)",Sr.,6-6,OH,77,31,0.403
32,"Aleksandar Sosa, Quincy (MIVA)",So.,6-7,OPP,92,37,0.402
33,"Logan Shepherd, Harvard (EIVA)",Sr.,6-4,OH,56,22,0.393
34,"Zach Schneider, Daemen (NEC)",Sr.,6-6,OH,59,23,0.390
35,"Cooper Robinson, UCLA (MPSF)",Sr.,6-7,OH,72,28,0.389
36,"Ty Carson, Menlo (MPSF)",Fr.,6-4,OH,67,26,0.388
37,"Jarrett Anderson, Grand Canyon (MPSF)",Sr.,6-5,OPP,66,25,0.379
37,"Theo Snoey, Stanford (MPSF)",Jr.,6-8,OPP,66,25,0.379
39,"Jaedyn Harris, Central St. (OH) (SIAC)",So.,6-2,OH,74,28,0.378
39,"Will Kuhns, Penn St. (EIVA)",Sr.,6-3,OH,74,28,0.378
39,"Ryan McElligott, Loyola Chicago (MIVA)",Jr.,6-5,S,74,28,0.378
42,"Leo Pravednikov, UC San Diego (Big West)",Jr.,6-4,OH,83,31,0.373
43,"Blake Krapf, Dominican (NY) (ECC)",So.,6-5,OH,75,27,0.360
43,"Jaqson Lesure, LeMoyne-Owen (SIAC)",Fr.,6-0,S,50,18,0.360
45,"Deklan Wingo, Tusculum (DI Independent)",Sr.,6-4,OH,90,32,0.356
46,"Nathan Flayter, McKendree (MIVA)",So.,6-4,S,97,34,0.351
47,"Tread Rosenthal, Hawaii (Big West)",So.,6-8,S,86,30,0.349
48,"Gino Briglio, Erskine (Conference Carolinas)",Jr.,6-2,S,66,23,0.348
49,"Carson Strawbridge, Queens (NC) (MIVA)",So.,6-2,OH,92,32,0.348
50,"Andrej Polomac, Purdue Fort Wayne (MIVA)",So.,6-6,S,79,27,0.342
51,"Carter Stenmark, Lindenwood (MIVA)",Sr.,6-3,OH,83,28,0.337
52,"James Bardin, Harvard (EIVA)",Sr.,6-7,S,60,20,0.333
52,"Anthony Cherfan, UC San Diego (Big West)",Sr.,6-6,OPP,81,27,0.333
52,"Isaiah Vogel, Merrimack (DI Independent)",So.,6-3,OH,45,15,0.333
55,"Daniel Haber, Lewis (MIVA)",Jr.,6-6,OH,94,31,0.330
56,"Stilian Delibosov, CSUN (Big West)",Fr.,6-6,MB,82,27,0.329
56,"Adrien Roure, Hawaii (Big West)",Fr.,6-5,OH,82,27,0.329
58,"Skyler Varga, Long Beach St. (Big West)",Sr.,6-7,OH,67,22,0.328
59,"Gio Collazo, George Mason (EIVA)",Sr.,6-2,OH,64,21,0.328
60,"Richard Hendricks, Edward Waters (SIAC)",Jr.,5-10,OH,77,25,0.325
61,"Nate Meyer, Missouri S&T (DI Independent)",Jr.,6-3,OH,74,24,0.324
62,"Zach Rama, UCLA (MPSF)",Jr.,6-8,OH,68,22,0.324
63,"Morgan Makovec, Tusculum (DI Independent)",So.,6-5,MB,90,29,0.322
64,"Patrick Rogers, Ball St. (MIVA)",Jr.,6-7,OH,105,33,0.314
65,"Griffin Monrad, Roberts Wesleyan (ECC)",So.,6-3,OPP,86,27,0.314
66,"Jake Read, Loyola Chicago (MIVA)",So.,6-4,OH,80,25,0.313
67,"Patrick Mullen, Daemen (NEC)",So.,6-4,MB,58,18,0.310
68,"Caleb Rohlwing, Missouri S&T (DI Independent)",Jr.,6-7,MB,65,20,0.308
68,"Max Roquet, Lewis (MIVA)",Sr.,6-8,OH,104,32,0.308
70,"Alessandro Negri, NJIT (EIVA)",Sr.,6-4,OH,75,23,0.307
71,"Jalen Phillips, CSUN (Big West)",So.,6-6,OPP,85,26,0.306
72,"Christopher Knowles, LIU (NEC)",Jr.,6-7,OH,59,18,0.305
73,"Tristan Whitfield, Princeton (EIVA)",So.,6-7,MB,56,17,0.304
74,"Karter Rogers, Grand Canyon (MPSF)",Sr.,6-5,OH,76,23,0.303
75,"Paul Stommel, Charleston (WV) (EIVA)",Sr.,6-3,S,73,22,0.301
76,"Philip Tein, Barry (DI Independent)",Fr.,6-5,OH,74,22,0.297
77,"Lucas Tran, Rockhurst (DI Independent)",Fr.,6-6,OPP,71,21,0.296
78,"Nick Dvorak, Vanguard  (MPSF)",Fr.,6-8,OPP,78,23,0.295
79,"Tomas Badan, Quincy (MIVA)",Fr.,6-5,MB,92,27,0.293
79,"Landon Brouwer, Roberts Wesleyan (ECC)",Fr.,6-3,S,92,27,0.293
81,"Marcus Franck, St. Thomas Aquinas (ECC)",Jr.,6-5,S,75,22,0.293
82,"Jamal Gray, Kentucky St. (SIAC)",So.,5-6,L,24,7,0.292
82,"Mustafa Selçuk Uyar, Menlo (MPSF)",Sr.,6-8,OPP,72,21,0.292
84,"Louis Sakanoko, Hawaii (Big West)",So.,6-5,OH,66,19,0.288
84,"Eliel Salva Torres, Lincoln Memorial (DI Independent)",So.,6-5,MB,66,19,0.288
86,"Theoren Brouillette, Stanford (MPSF)",Jr.,6-3,S,73,21,0.288
87,"D'Angelo Coleman, Kentucky St. (SIAC)",So.,5-7,L,21,6,0.286
87,"Chance Shampine, Queens (NC) (MIVA)",So.,6-2,OH,84,24,0.286
89,"Ryan Vena, Princeton (EIVA)",Jr.,6-7,MB,67,19,0.284
90,"Daniel Henwood Rodriguez, Ohio St. (MIVA)",Fr.,6-3,S,85,24,0.282
91,"Nathan Jacques, Rockhurst (DI Independent)",So.,6-0,S,78,22,0.282
92,"Bryce Simmons, Edward Waters (SIAC)",Fr.,6-5,MB,71,20,0.282
93,"Daryl McClain, LeMoyne-Owen (SIAC)",Fr.,6-5,OH,50,14,0.280
94,"Ian De Wilde, D'Youville (NEC)",Sr.,6-1,OH,65,18,0.277
94,"Kory Grant, Mount Olive (Conference Carolinas)",Jr.,6-3,OH,65,18,0.277
96,"Ondrej Arabasz, Daemen (NEC)",So.,6-7,MB,58,16,0.276
97,"Axel van Baars, Lincoln Memorial (DI Independent)",Sr.,6-7,OH,69,19,0.275
98,"Teilon-Jonathan Tufuga, BYU (MPSF)",So.,6-5,OH,80,22,0.275
99,"Artem Vetrov, FDU (NEC)",Sr.,6-3,OH,51,14,0.275
100,"Moses Wagner, Stanford (MPSF)",Jr.,6-6,OPP,73,20,0.274
