Rank,Player,Cl,Ht,Pos,S,Kills,Errors,Total Attacks,Pct.
1,"Toby Ezeonu, Penn St. (EIVA)",Sr.,6-7,MB,112,259,50,427,0.489
2,"Matthew Gentry, Lincoln Memorial (DI Independent)",Sr.,6-7,MH,87,196,46,327,0.459
3,"Carson Williams, NJIT (EIVA)",Sr.,6-6,MB,92,183,45,316,0.437
4,"D'Aaron McCraney, McKendree (MIVA)",Jr.,6-8,MB,94,173,35,337,0.409
5,"Jacob Fischer, Maryville (MO) (DI Independent)",Sr.,6-6,MB,102,189,48,364,0.387
6,"Tymek Brzoza, D'Youville (NEC)",Jr.,6-5,MB,81,196,57,365,0.381
7,"Kellan Kennedy, King (TN) (Conference Carolinas)",Sr.,6-6,MB,80,144,41,271,0.380
8,"Hilir Henno, UC Irvine (Big West)",Jr.,6-8,OH,117,557,138,"1,124",0.373
9,"Parker Van Buren, Loyola Chicago (MIVA)",Jr.,6-9,OH,94,402,107,811,0.364
10,"Michael de la Cruz, North Greenville (Conference Carolinas)",Jr.,6-3,MB,84,185,51,370,0.362
11,"Matthew Motes, Merrimack (NEC)",Sr.,6-9,MB,85,181,47,380,0.353
12,"Cameron Milligan, Daemen (NEC)",Sr.,6-6,OPP,82,252,72,518,0.347
13,"John Kerr, Penn St. (EIVA)",Sr.,6-6,OPP,106,420,132,829,0.347
14,"Luke Benson, BYU (MPSF)",Jr.,6-7,OH,86,297,89,605,0.344
15,"Sotiris Siapanis, Long Beach St. (Big West)",Jr.,6-3,OH,97,308,83,658,0.342
16,"Maxim Grigoriev, UC Irvine (Big West)",So.,6-4,MB,117,256,80,519,0.339
17,"Ethan Champlin, UCLA (MPSF)",Sr.,6-3,OH,112,270,80,561,0.339
18,"Clarke Godbold, Long Beach St. (Big West)",Sr.,6-5,OPP,74,239,67,511,0.337
19,"Nathan Zini, Saint Francis (NEC)",Jr.,6-7,OPP,107,410,105,910,0.335
20,"Cooper Robinson, UCLA (MPSF)",Jr.,6-7,OH,95,250,82,506,0.332
21,"Daniel Fabikovic, Loyola Chicago (MIVA)",Fr.,6-6,OH,95,273,78,591,0.330
22,"Paul Fillion, Roberts Wesleyan (ECC)",Fr.,6-4,MH,82,192,63,391,0.330
23,"Isaiah Fedd, Fort Valley St. (SIAC)",So.,6-3,OH,59,195,71,377,0.329
24,"Alaka‘i Todd, Hawaii (Big West)",Sr.,6-8,OPP,97,305,98,630,0.329
25,"Jacob Pasteur, Ohio St. (MIVA)",Sr.,6-4,OH,110,390,138,770,0.327
26,"Tinaishe Ndavazocheva, Ball St. (MIVA)",Jr.,6-6,OH,81,327,102,693,0.325
27,"Mark Frazier, Purdue Fort Wayne (MIVA)",Jr.,6-6,MB,98,377,129,765,0.324
28,"Jackson Hickman, Grand Canyon (MPSF)",Sr.,6-4,OH,110,317,101,672,0.321
29,"Jake Read, Loyola Chicago (MIVA)",Fr.,6-4,OH,83,211,64,458,0.321
30,"Will Rottman, Stanford (MPSF)",Sr.,6-6,OH,74,275,68,647,0.320
31,"Clay Wieter, Lindenwood (MIVA)",Sr.,6-6,OH,101,327,103,703,0.319
32,"Haven Wankerl, D'Youville (NEC)",So.,6-4,MB,81,139,51,278,0.317
33,"Alain Tamo-Noche, Central St. (OH) (SIAC)",Jr.,6-1,OH,105,183,71,356,0.315
34,"Maverick O'Neil, Daemen (NEC)",Jr.,6-3,MH,69,116,43,233,0.313
35,"Raje Alleyne, Quincy (MIVA)",Jr.,6-6,OPP,83,366,135,742,0.311
36,"Max Roquet, Lewis (MIVA)",Jr.,6-8,OH,112,406,122,930,0.305
37,"Keoni Thiim, Hawaii (Big West)",Sr.,6-0,OH,103,162,57,346,0.303
38,"Dillon Klein, Southern California (MPSF)",So.,6-6,OH,102,351,117,773,0.303
39,"Zach Schneider, Daemen (NEC)",Sr.,6-6,OH,83,320,123,663,0.297
40,"Cole Ketrzynski, Pepperdine (MPSF)",Sr.,6-8,OPP,94,332,113,745,0.294
41,"Jalen Phillips, CSUN (Big West)",Fr.,6-6,OPP,104,340,134,702,0.293
42,"Jaxon Hicks, Fort Valley St. (SIAC)",Jr.,6-3,OPP,78,206,69,468,0.293
43,"Griffin Walters, CSUN (Big West)",Sr.,6-6,OH,99,240,88,520,0.292
44,"Camden Gianni, Grand Canyon (MPSF)",Sr.,6-5,OPP,104,368,124,836,0.292
45,"Jon Diedrich, Purdue Fort Wayne (MIVA)",Sr.,6-6,OPP,99,370,118,864,0.292
46,"Kevin Schuele, McKendree (MIVA)",Jr.,6-4,OH,88,264,84,621,0.290
47,"AJ Lewis, Lindenwood (MIVA)",Sr.,6-5,OH,96,309,98,728,0.290
48,"Alessandro Negri, NJIT (EIVA)",Jr.,6-4,OH,101,324,118,713,0.289
49,"Arturo Diaz-Dube, Emmanuel (GA) (Conference Carolinas)",Fr.,6-5,MB,89,156,65,316,0.288
50,"Diego Rosich, North Greenville (Conference Carolinas)",Sr.,6-5,OH,75,257,93,570,0.288
51,"Carlos Santa Cruz, Sacred Heart (NEC)",Sr.,6-5,S,108,310,99,735,0.287
52,"Ryan Barnett, Pepperdine (MPSF)",So.,6-5,OH,80,200,80,421,0.285
53,"Chaz Galloway, Hawaii (Big West)",Sr.,6-3,OH,71,147,52,334,0.284
54,"Omar Hoyos, George Mason (EIVA)",Sr.,6-6,OH,106,343,121,785,0.283
55,"Edgerrin Austin, Erskine (Conference Carolinas)",Sr.,5-11,OH,72,267,108,567,0.280
56,"Geste Bianchi, UC Santa Barbara (Big West)",Jr.,6-6,OPP,97,468,172,"1,058",0.280
57,"Jack Bolz, George Mason (EIVA)",Sr.,6-7,OPP,79,256,86,608,0.280
58,"Ian Schuller, Lindenwood (MIVA)",So.,6-5,OPP,95,319,125,694,0.280
59,"Matthew Staskunas, Belmont Abbey (Conference Carolinas)",Jr.,6-5,OH,95,300,93,743,0.279
60,"Syver Drolsum, Lewis (MIVA)",So.,6-6,OPP,94,190,68,438,0.279
61,"Jibriel Elhaddad, Belmont Abbey (Conference Carolinas)",So.,6-7,MB,87,147,59,316,0.278
62,"Miks Ramanis, BYU (MPSF)",Jr.,6-4,OH,83,239,89,540,0.278
63,"Nyherowo Omene, Princeton (EIVA)",Jr.,6-7,,89,311,126,667,0.277
64,"Kyle Hobus, CSUN (Big West)",Sr.,6-8,OH,110,406,164,875,0.277
65,"Ties Cornelissen, CUI (MPSF)",Fr.,6-6,OH,70,221,88,482,0.276
66,"Ben Harrington, Princeton (EIVA)",Sr.,6-4,,91,342,139,736,0.276
67,"Ben Coordt, UC Santa Barbara (Big West)",So.,6-4,OH,93,230,79,551,0.274
68,"Garret Schnitker, Charleston (WV) (EIVA)",Sr.,6-6,RS,97,358,154,747,0.273
69,"Andrew Deardorff, Saint Francis (NEC)",Jr.,6-5,OH,95,275,103,632,0.272
70,"Ido David, UCLA (MPSF)",Jr.,6-7,OPP,87,165,62,379,0.272
71,"Chey Cooper, Fort Valley St. (SIAC)",Sr.,6-1,OH,78,178,60,436,0.271
72,"Michal Kowal, Penn St. (EIVA)",Sr.,6-2,OH,108,224,88,504,0.270
73,"Shane Wetzel, Ohio St. (MIVA)",So.,6-7,OPP,102,344,149,723,0.270
74,"Kyran  Versteegen, St. Thomas Aquinas (ECC)",Fr.,6-4,S,78,227,93,499,0.269
75,"Daniel Haber, Lewis (MIVA)",So.,6-6,OH,91,240,91,555,0.268
76,"Griffin Wheatley, Lincoln Memorial (DI Independent)",Fr.,6-6,OH,65,189,79,412,0.267
77,"Sebastian Lara, UC San Diego (Big West)",Jr.,6-4,OH,83,210,75,509,0.265
78,"Akin Akinwumi, Pepperdine (MPSF)",Sr.,6-5,OH,81,216,86,491,0.265
79,"Skyler Varga, Long Beach St. (Big West)",Jr.,6-7,OH,95,283,116,636,0.263
80,"Colin Heath, George Mason (EIVA)",Sr.,6-6,OH,78,146,60,331,0.260
81,"Patrick Mucherino, Sacred Heart (NEC)",Sr.,6-5,OH,108,461,197,"1,018",0.259
82,"Eli Zdonek, Emmanuel (GA) (Conference Carolinas)",Sr.,6-0,OH,100,367,141,873,0.259
83,"Antonio Feliciano, NJIT (EIVA)",Jr.,6-4,OH,90,209,83,491,0.257
84,"Justin Gregory, Mount Olive (Conference Carolinas)",Sr.,6-6,OPP,84,222,82,548,0.255
85,"Zach Puentes, Belmont Abbey (Conference Carolinas)",So.,6-2,OH,94,327,130,772,0.255
86,"Pablo Zamar, Erskine (Conference Carolinas)",Jr.,6-4,OH,69,246,107,546,0.255
87,"Theo Snoey, Stanford (MPSF)",So.,6-8,OPP,70,152,66,338,0.254
88,"Aaron Sallade, Missouri S&T (DI Independent)",So.,6-6,OPP,71,226,96,511,0.254
89,"Mark Autry, North Greenville (Conference Carolinas)",Sr.,6-7,OPP,86,181,69,443,0.253
90,"Jamal Ellis Carballo, FDU (NEC)",So.,6-6,OPP,77,342,158,729,0.252
91,"Kory Grant, Mount Olive (Conference Carolinas)",So.,6-3,OPP,83,198,81,475,0.246
92,"Billy Wieberg, Daemen (NEC)",Jr.,6-4,OH,78,127,50,313,0.246
93,"Makai Scott, Maryville (MO) (DI Independent)",Fr.,6-0,OH,93,280,128,620,0.245
94,"Brady Stump, Saint Francis (NEC)",So.,6-7,OH,93,187,77,449,0.245
95,"Ian De Wilde, D'Youville (NEC)",Jr.,6-1,OH,61,178,72,437,0.243
96,"Sebastian Heer, Lees-McRae (Conference Carolinas)",Jr.,6-3,MB,80,132,62,290,0.241
97,"Kale Spencer, LIU (NEC)",So.,6-5,S,80,226,95,543,0.241
98,"Jack Brinkman, Queens (NC) (MIVA)",Sr.,6-2,OH,91,285,123,673,0.241
99,"Jack Deuchar, Southern California (MPSF)",Jr.,6-9,OPP,100,298,133,689,0.239
100,"Colby Landry, Tusculum (DI Independent)",Sr.,6-0,OH,102,299,138,676,0.238
