Rank,Player,Cl,Ht,Pos,S,Kills,Per Set
1,"Geste Bianchi, UC Santa Barbara (Big West)",Jr.,6-6,OPP,97,468,4.82
2,"Hilir Henno, UC Irvine (Big West)",Jr.,6-8,OH,117,557,4.76
3,"Jamal Ellis Carballo, FDU (NEC)",So.,6-6,OPP,77,342,4.44
4,"Raje Alleyne, Quincy (MIVA)",Jr.,6-6,OPP,83,366,4.41
5,"Parker Van Buren, Loyola Chicago (MIVA)",Jr.,6-9,OH,94,402,4.28
6,"Patrick Mucherino, Sacred Heart (NEC)",Sr.,6-5,OH,108,461,4.27
7,"Tinaishe Ndavazocheva, Ball St. (MIVA)",Jr.,6-6,OH,81,327,4.04
8,"John Kerr, Penn St. (EIVA)",Sr.,6-6,OPP,106,420,3.96
9,"Zach Schneider, Daemen (NEC)",Sr.,6-6,OH,83,320,3.86
10,"Mark Frazier, Purdue Fort Wayne (MIVA)",Jr.,6-6,MB,98,377,3.85
11,"Nathan Zini, Saint Francis (NEC)",Jr.,6-7,OPP,107,410,3.83
12,"Ben Harrington, Princeton (EIVA)",Sr.,6-4,,91,342,3.76
13,"Jon Diedrich, Purdue Fort Wayne (MIVA)",Sr.,6-6,OPP,99,370,3.74
14,"Logan Whitaker, Merrimack (NEC)",So.,6-4,OH,87,324,3.72
15,"Will Rottman, Stanford (MPSF)",Sr.,6-6,OH,74,275,3.72
16,"Edgerrin Austin, Erskine (Conference Carolinas)",Sr.,5-11,OH,72,267,3.71
17,"Kyle Hobus, CSUN (Big West)",Sr.,6-8,OH,110,406,3.69
18,"Garret Schnitker, Charleston (WV) (EIVA)",Sr.,6-6,RS,97,358,3.69
19,"Eli Zdonek, Emmanuel (GA) (Conference Carolinas)",Sr.,6-0,OH,100,367,3.67
20,"Max Roquet, Lewis (MIVA)",Jr.,6-8,OH,112,406,3.63
21,"Pablo Zamar, Erskine (Conference Carolinas)",Jr.,6-4,OH,69,246,3.57
22,"Jacob Pasteur, Ohio St. (MIVA)",Sr.,6-4,OH,110,390,3.55
23,"Camden Gianni, Grand Canyon (MPSF)",Sr.,6-5,OPP,104,368,3.54
24,"Warren Davis, King (TN) (Conference Carolinas)",Sr.,6-0,OH,82,290,3.54
25,"Cole Ketrzynski, Pepperdine (MPSF)",Sr.,6-8,OPP,94,332,3.53
26,"Nyherowo Omene, Princeton (EIVA)",Jr.,6-7,,89,311,3.49
27,"Zach Puentes, Belmont Abbey (Conference Carolinas)",So.,6-2,OH,94,327,3.48
28,"Deklan Wingo, Tusculum (DI Independent)",Jr.,6-4,OH,107,371,3.47
29,"Luke Benson, BYU (MPSF)",Jr.,6-7,OH,86,297,3.45
30,"Dillon Klein, Southern California (MPSF)",So.,6-6,OH,102,351,3.44
31,"Diego Rosich, North Greenville (Conference Carolinas)",Sr.,6-5,OH,75,257,3.43
32,"Phinehas Wiley, Dominican (NY) (ECC)",Fr.,6-5,OH,84,287,3.42
33,"Shane Wetzel, Ohio St. (MIVA)",So.,6-7,OPP,102,344,3.37
34,"Nate Meyer, Missouri S&T (DI Independent)",So.,6-3,OH,71,239,3.37
35,"Ian Schuller, Lindenwood (MIVA)",So.,6-5,OPP,95,319,3.36
36,"Isaiah Fedd, Fort Valley St. (SIAC)",So.,6-3,OH,59,195,3.31
37,"Robert Santana, American Int'l (ECC)",So.,6-1,OH,68,223,3.28
38,"Jalen Phillips, CSUN (Big West)",Fr.,6-6,OPP,104,340,3.27
39,"Jack Bolz, George Mason (EIVA)",Sr.,6-7,OPP,79,256,3.24
40,"Clay Wieter, Lindenwood (MIVA)",Sr.,6-6,OH,101,327,3.24
41,"Omar Hoyos, George Mason (EIVA)",Sr.,6-6,OH,106,343,3.24
42,"Clarke Godbold, Long Beach St. (Big West)",Sr.,6-5,OPP,74,239,3.23
43,"AJ Lewis, Lindenwood (MIVA)",Sr.,6-5,OH,96,309,3.22
44,"Alessandro Negri, NJIT (EIVA)",Jr.,6-4,OH,101,324,3.21
45,"Aaron Sallade, Missouri S&T (DI Independent)",So.,6-6,OPP,71,226,3.18
46,"Sotiris Siapanis, Long Beach St. (Big West)",Jr.,6-3,OH,97,308,3.18
47,"Matthew Staskunas, Belmont Abbey (Conference Carolinas)",Jr.,6-5,OH,95,300,3.16
48,"Ties Cornelissen, CUI (MPSF)",Fr.,6-6,OH,70,221,3.16
49,"Alaka‘i Todd, Hawaii (Big West)",Sr.,6-8,OPP,97,305,3.14
50,"Anthony Cherfan, UC San Diego (Big West)",Jr.,6-6,OPP,89,279,3.13
51,"Jack Brinkman, Queens (NC) (MIVA)",Sr.,6-2,OH,91,285,3.13
52,"Cameron Milligan, Daemen (NEC)",Sr.,6-6,OPP,82,252,3.07
53,"Tyrone Sands, Central St. (OH) (SIAC)",Jr.,6-4,MH,115,348,3.03
54,"Makai Scott, Maryville (MO) (DI Independent)",Fr.,6-0,OH,93,280,3.01
55,"Kevin Schuele, McKendree (MIVA)",Jr.,6-4,OH,88,264,3.00
56,"Jack Deuchar, Southern California (MPSF)",Jr.,6-9,OPP,100,298,2.98
57,"Skyler Varga, Long Beach St. (Big West)",Jr.,6-7,OH,95,283,2.98
58,"Luke Kraft, Maryville (MO) (DI Independent)",Fr.,6-5,OPP,95,282,2.97
59,"Hayden Frear, Mount Olive (Conference Carolinas)",Sr.,6-3,OH,86,255,2.97
60,"Aidan Feeney, Emmanuel (GA) (Conference Carolinas)",So.,6-5,OH,84,249,2.96
61,"Colby Landry, Tusculum (DI Independent)",Sr.,6-0,OH,102,299,2.93
62,"Logan Keothavy, North Greenville (Conference Carolinas)",Fr.,6-0,OH,85,249,2.93
63,"Ian De Wilde, D'Youville (NEC)",Jr.,6-1,OH,61,178,2.92
64,"Kyran  Versteegen, St. Thomas Aquinas (ECC)",Fr.,6-4,S,78,227,2.91
65,"Griffin Wheatley, Lincoln Memorial (DI Independent)",Fr.,6-6,OH,65,189,2.91
66,"Andrew Deardorff, Saint Francis (NEC)",Jr.,6-5,OH,95,275,2.89
67,"Jackson Hickman, Grand Canyon (MPSF)",Sr.,6-4,OH,110,317,2.88
68,"Miks Ramanis, BYU (MPSF)",Jr.,6-4,OH,83,239,2.88
69,"Daniel Fabikovic, Loyola Chicago (MIVA)",Fr.,6-6,OH,95,273,2.87
70,"Carlos Santa Cruz, Sacred Heart (NEC)",Sr.,6-5,S,108,310,2.87
71,"Kale Spencer, LIU (NEC)",So.,6-5,S,80,226,2.83
72,"Gabriel Vieira, St. Thomas Aquinas (ECC)",Fr.,6-6,OH,78,217,2.78
73,"Ethan Young, FDU (NEC)",Sr.,6-3,OH,81,222,2.74
74,"Jack Sandahl, Barton (Conference Carolinas)",Jr.,6-3,OH,65,177,2.72
75,"Brandon Johnston, Barton (Conference Carolinas)",Sr.,6-3,OH,91,246,2.70
76,"Chance Shampine, Queens (NC) (MIVA)",Fr.,6-2,OH,85,228,2.68
77,"Akin Akinwumi, Pepperdine (MPSF)",Sr.,6-5,OH,81,216,2.67
78,"Justin Gregory, Mount Olive (Conference Carolinas)",Sr.,6-6,OPP,84,222,2.64
79,"Jaxon Hicks, Fort Valley St. (SIAC)",Jr.,6-3,OPP,78,206,2.64
80,"Owen Fanning, Harvard (EIVA)",Jr.,6-7,OH,80,211,2.64
81,"Daniel Haber, Lewis (MIVA)",So.,6-6,OH,91,240,2.64
82,"Cooper Robinson, UCLA (MPSF)",Jr.,6-7,OH,95,250,2.63
83,"Griffin Monrad, Roberts Wesleyan (ECC)",Fr.,6-3,OPP,82,214,2.61
84,"Livan Moreno, LIU (NEC)",Sr.,6-3,OH,76,197,2.59
85,"Kupono Browne, BYU (MPSF)",Sr.,6-5,OPP,90,229,2.54
86,"Jake Read, Loyola Chicago (MIVA)",Fr.,6-4,OH,83,211,2.54
87,"Sebastian Lara, UC San Diego (Big West)",Jr.,6-4,OH,83,210,2.53
88,"Ryan Barnett, Pepperdine (MPSF)",So.,6-5,OH,80,200,2.50
89,"Alejandro Miranda, American Int'l (ECC)",So.,6-0,L/DS,67,167,2.49
90,"Ben Coordt, UC Santa Barbara (Big West)",So.,6-4,OH,93,230,2.47
91,"Gage Doble, CUI (MPSF)",So.,6-5,OH,72,175,2.43
92,"Griffin Walters, CSUN (Big West)",Sr.,6-6,OH,99,240,2.42
93,"Tymek Brzoza, D'Youville (NEC)",Jr.,6-5,MB,81,196,2.42
94,"Ethan Champlin, UCLA (MPSF)",Sr.,6-3,OH,112,270,2.41
95,"Christian Galoppo, CUI (MPSF)",Fr.,6-6,OPP,82,196,2.39
96,"Kory Grant, Mount Olive (Conference Carolinas)",So.,6-3,OPP,83,198,2.39
97,"Paul Fillion, Roberts Wesleyan (ECC)",Fr.,6-4,MH,82,192,2.34
98,"Jonah Grbic, Roberts Wesleyan (ECC)",Jr.,6-2,OH,82,191,2.33
99,"Antonio Feliciano, NJIT (EIVA)",Jr.,6-4,OH,90,209,2.32
100,"Toby Ezeonu, Penn St. (EIVA)",Sr.,6-7,MB,112,259,2.31
