Rank,Player,Cl,Ht,Pos,S,Kills,Aces,Block Solos,Block Assists,Pts,Per Set
1,"Deklan Wingo, Tusculum (DI Independent)",Sr.,6-4,OH,90,441,32,22,19,0,5.61
2,"Hilir Henno, UC Irvine (Big West)",Sr.,6-8,OH,74,321,55,4,32,0,5.35
3,"Parker Van Buren, Loyola Chicago (MIVA)",Sr.,6-9,OH,79,335,37,4,48,0,5.06
4,"Gabriel Vieira, St. Thomas Aquinas (ECC)",So.,6-9,OH,68,297,13,9,49,0,5.05
5,"Nyherowo Omene, Princeton (EIVA)",Sr.,6-7,OH,69,284,33,8,47,0,5.05
6,"Kristian Titriyski, Hawaii (Big West)",Fr.,6-5,OPP,76,322,34,7,41,0,5.05
7,"Logan Muir, Purdue Fort Wayne (MIVA)",So.,6-5,OPP,83,344,39,11,40,0,4.99
8,"Jalen Phillips, CSUN (Big West)",So.,6-6,OPP,85,348,26,4,47,0,4.72
9,"Andrew Deardorff, Saint Francis (NEC)",Sr.,6-5,OH,79,309,47,2,25,0,4.69
10,"Dillon Klein, Southern California (MPSF)",Jr.,6-6,OH,67,274,13,5,41,0,4.66
11,"Trevor Phillips, Catawba (DI Independent)",Sr.,6-6,OH,77,315,31,3,20,0,4.66
12,"Luke Kraft, Maryville (MO) (DI Independent)",So.,6-5,OPP,74,269,50,5,38,0,4.64
13,"Zach Schneider, Daemen (NEC)",Sr.,6-6,OH,59,227,23,7,29,0,4.60
14,"Theo Snoey, Stanford (MPSF)",Jr.,6-8,OPP,66,263,25,1,27,0,4.58
15,"Cole Hartke, Pepperdine (MPSF)",Fr.,0-0,OH,64,244,29,2,34,0,4.56
16,"Oguzhan Oguz, Lewis (MIVA)",So.,6-8,OPP,97,389,24,6,47,0,4.56
17,"Isaiah Fedd, Fort Valley St. (SIAC)",Jr.,6-3,OH,64,242,30,3,21,0,4.46
18,"Aleksandar Sosa, Quincy (MIVA)",So.,6-7,OPP,92,331,37,13,54,0,4.43
19,"Shane Wetzel, Ohio St. (MIVA)",Jr.,6-7,OPP,89,325,44,3,31,0,4.35
20,"Lucas Tran, Rockhurst (DI Independent)",Fr.,6-6,OPP,71,270,21,10,16,0,4.35
21,"Richard Hendricks, Edward Waters (SIAC)",Jr.,5-10,OH,77,292,25,8,18,0,4.34
22,"Anthony Cherfan, UC San Diego (Big West)",Sr.,6-6,OPP,81,294,27,4,49,0,4.31
23,"Cooper Robinson, UCLA (MPSF)",Sr.,6-7,OH,72,254,28,2,44,0,4.25
24,"Keoni Thiim, BYU (MPSF)",Sr.,6-0,OH,75,265,37,1,30,0,4.24
25,"Kory Grant, Mount Olive (Conference Carolinas)",Jr.,6-3,OH,65,240,18,7,20,0,4.23
26,"Mustafa Selçuk Uyar, Menlo (MPSF)",Sr.,6-8,OPP,72,254,21,8,40,0,4.21
27,"Ryan Barnett, Pepperdine (MPSF)",Jr.,6-5,OH,74,257,33,4,34,0,4.20
28,"Nolan Flexen, UC Irvine (Big West)",Jr.,6-9,OH,74,254,19,4,59,0,4.14
29,"Moses Wagner, Stanford (MPSF)",Jr.,6-6,OPP,73,242,20,6,52,0,4.03
30,"Eli Zdonek, Catawba (DI Independent)",Sr.,6-0,OH,77,266,19,7,36,0,4.03
31,"Logan Whitaker, Merrimack (DI Independent)",Jr.,6-4,OH,59,190,26,4,35,0,4.03
32,"Raje Alleyne, Ball St. (MIVA)",Sr.,6-6,OPP,77,266,19,5,39,0,4.02
33,"Zach Puentes, Belmont Abbey (Conference Carolinas)",So.,6-2,OH,67,225,11,10,39,0,3.96
34,"Christopher Knowles, LIU (NEC)",Jr.,6-7,OH,59,195,18,1,39,0,3.96
35,"Luke Benson, BYU (MPSF)",Sr.,6-7,OH,79,264,19,4,50,0,3.95
36,"Daniel Fabikovic, Loyola Chicago (MIVA)",So.,6-6,OH,85,285,19,8,46,0,3.94
37,"Max Roquet, Lewis (MIVA)",Sr.,6-8,OH,104,335,32,7,65,0,3.91
38,"Will Kuhns, Penn St. (EIVA)",Sr.,6-3,OH,74,245,28,2,28,0,3.91
39,"Stanislaw Chacinski, Ohio St. (MIVA)",Fr.,6-7,OH,91,292,37,0,45,0,3.86
40,"Chase Celichowski, LIU (NEC)",Jr.,6-5,OH,64,199,27,3,36,0,3.86
41,"Aleksa Mandic, Sacred Heart (EIVA)",So.,6-5,OH,69,225,30,2,18,0,3.86
42,"Patrick Rogers, Ball St. (MIVA)",Jr.,6-7,OH,105,335,33,11,47,0,3.83
43,"Matthew Gentry, Lincoln Memorial (DI Independent)",Sr.,6-7,MB,70,181,37,21,57,0,3.82
44,"Daniil Hershtynovich, Long Beach St. (Big West)",So.,6-9,OPP,68,216,15,4,49,0,3.82
45,"Kai Cousins, Charleston (WV) (EIVA)",Fr.,6-1,OH,77,261,16,10,10,0,3.79
46,"Nate Meyer, Missouri S&T (DI Independent)",Jr.,6-3,OH,74,241,24,4,20,0,3.77
47,"Kai Vogel, Merrimack (DI Independent)",So.,6-3,OH,59,177,33,2,20,0,3.76
48,"Carson Strawbridge, Queens (NC) (MIVA)",So.,6-2,OH,92,283,32,8,46,0,3.76
49,"Tate Sandvig, Mount Olive (Conference Carolinas)",Sr.,6-5,OH,53,177,12,1,18,0,3.75
50,"Shay Spadaro, Rockhurst (DI Independent)",Jr.,6-4,OH,85,259,38,10,24,0,3.75
51,"Makai Scott, Maryville (MO) (DI Independent)",So.,6-0,OH,76,258,9,6,20,0,3.72
52,"Zach Rama, UCLA (MPSF)",Jr.,6-8,OH,68,209,22,3,34,0,3.69
53,"Blake Krapf, Dominican (NY) (ECC)",So.,6-5,OH,75,231,27,4,27,0,3.67
54,"Skyler Varga, Long Beach St. (Big West)",Sr.,6-7,OH,67,196,22,4,47,0,3.66
55,"Pablo Zamar, Erskine (Conference Carolinas)",Sr.,6-4,OH,56,177,11,2,29,0,3.65
56,"Adrien Roure, Hawaii (Big West)",Fr.,6-5,OH,82,250,27,1,41,0,3.64
57,"Willie Lopez Morales, American Int'l (ECC)",So.,6-0,OH,73,234,11,7,27,0,3.64
58,"Alessandro Negri, NJIT (EIVA)",Sr.,6-4,OH,75,229,23,2,32,0,3.60
59,"Aidan Feeney, Emmanuel (GA) (Conference Carolinas)",Jr.,6-5,OH,75,253,3,4,17,0,3.58
60,"Alendy Sincoul, LeMoyne-Owen (SIAC)",Fr.,6-4,OH,44,137,8,9,5,0,3.56
61,"Allen Faison, Erskine (Conference Carolinas)",Jr.,6-2,OH,55,164,9,5,32,0,3.53
62,"Mason Rice, Princeton (EIVA)",Fr.,6-5,OH,69,208,9,4,44,0,3.52
63,"Aaron Sallade, Missouri S&T (DI Independent)",Jr.,6-6,OPP,72,215,12,10,33,0,3.52
64,"Brendan Louthain, Lindenwood (MIVA)",Jr.,6-1,OH,83,256,17,8,19,0,3.50
65,"Michael de la Cruz, North Greenville (Conference Carolinas)",Sr.,6-3,MB,79,213,32,3,51,0,3.46
66,"Matthew Luoma, Penn St. (EIVA)",So.,6-7,OH,62,178,12,4,41,0,3.46
67,"Riggs Guy, UC Santa Barbara (Big West)",Fr.,6-3,OH,71,217,10,5,26,0,3.45
68,"Robert Evangelista, George Mason (EIVA)",So.,6-4,OH,59,176,14,5,15,0,3.43
69,"Josh Schellinger, UC San Diego (Big West)",Jr.,6-5,OH,86,257,17,1,38,0,3.42
70,"Colton Beres, Barry (DI Independent)",Fr.,6-5,OH,65,178,17,4,43,0,3.39
71,"Jack Sandahl, Barton (Conference Carolinas)",Sr.,6-3,OH,74,209,11,8,46,0,3.39
72,"Axel Melendez Watts, Purdue Fort Wayne (MIVA)",Sr.,6-10,OH,73,214,17,4,25,0,3.39
73,"Jacob Schurfranz, Thomas More (DI Independent)",So.,6-8,MB,63,161,16,17,36,0,3.37
74,"Billy Wieberg, Daemen (NEC)",Sr.,6-4,OH,66,182,27,5,16,0,3.36
75,"Sam Hoskin, McKendree (MIVA)",Jr.,6-4,OH,91,277,12,2,29,0,3.36
76,"Lawson Hink, Barton (Conference Carolinas)",Fr.,6-6,OH,80,240,13,5,21,0,3.36
77,"Carter Stenmark, Lindenwood (MIVA)",Sr.,6-3,OH,83,232,28,7,17,0,3.32
78,"Trent Moser, Grand Canyon (MPSF)",So.,6-7,OH,79,224,14,6,35,0,3.31
79,"Wojciech Nowak, Menlo (MPSF)",So.,6-3,OH,73,185,40,6,19,0,3.29
80,"Chance Shampine, Queens (NC) (MIVA)",So.,6-2,OH,84,228,24,7,35,0,3.29
81,"Matthew Pilch, Queens (NC) (MIVA)",Sr.,6-3,OH,85,245,20,4,21,0,3.29
82,"Brady Stump, Saint Francis (NEC)",Jr.,6-7,OH,68,190,15,2,27,0,3.24
83,"Andrea Di Paola, Roosevelt  (DI Independent)",Sr.,6-5,OH,67,194,10,4,18,0,3.24
84,"Kevin Schuele, McKendree (MIVA)",Sr.,6-4,OH,82,242,7,2,29,0,3.24
85,"Dylan McFadden, FDU (NEC)",Jr.,6-2,OH,66,180,16,4,25,0,3.22
86,"Leo Pravednikov, UC San Diego (Big West)",Jr.,6-4,OH,83,211,31,3,43,0,3.21
87,"Louis Sakanoko, Hawaii (Big West)",So.,6-5,OH,66,172,19,4,31,0,3.19
88,"Grant Dvorak, Vanguard  (MPSF)",So.,6-6,S,64,177,15,4,16,0,3.19
89,"Ryan DeJohn, Roberts Wesleyan (ECC)",Fr.,5-11,OH,83,242,10,5,15,0,3.19
90,"Jaedyn Harris, Central St. (OH) (SIAC)",So.,6-2,OH,74,189,28,3,30,0,3.18
91,"Wiktor Nowak, NJIT (EIVA)",Fr.,0-0,,64,178,8,1,32,0,3.17
92,"Sterling Foley, Southern California (MPSF)",Fr.,6-6,OH,77,191,21,6,52,0,3.17
93,"Ties Cornelissen, CUI (MPSF)",So.,6-6,OH,68,187,9,6,26,0,3.16
94,"Logan Shepherd, Harvard (EIVA)",Sr.,6-4,OH,56,140,22,2,24,0,3.14
95,"Austin Beaird, Lees-McRae (Conference Carolinas)",Jr.,6-3,OH,87,247,15,1,20,0,3.14
96,"Diego Esquivel, Roosevelt  (DI Independent)",Jr.,6-6,MB,51,121,25,2,24,0,3.14
97,"Kajetan Bieniek, Roosevelt  (DI Independent)",Fr.,6-7,OPP,70,191,14,6,17,0,3.14
98,"Kyran Versteegen, St. Thomas Aquinas (ECC)",So.,6-4,S,62,168,12,3,22,0,3.13
99,"Carter Shomock, North Greenville (Conference Carolinas)",Fr.,6-5,OPP,63,171,7,3,29,0,3.10
100,"Moni Nikolov, Long Beach St. (Big West)",Fr.,6-8,S,78,126,82,5,56,0,3.09
