Rank,Player,Cl,Ht,Pos,S,Kills,Aces,Block Solos,Block Assists,Pts,Per Set
1,"Hilir Henno, UC Irvine (Big West)",Jr.,6-8,OH,117,557,49,13,54,0,5.52
2,"Geste Bianchi, UC Santa Barbara (Big West)",Jr.,6-6,OPP,97,468,37,4,45,0,5.48
3,"Jamal Ellis Carballo, FDU (NEC)",So.,6-6,OPP,77,342,24,10,33,0,5.10
4,"Raje Alleyne, Quincy (MIVA)",Jr.,6-6,OPP,83,366,27,17,23,0,5.08
5,"Patrick Mucherino, Sacred Heart (NEC)",Sr.,6-5,OH,108,461,25,21,45,0,4.90
6,"Parker Van Buren, Loyola Chicago (MIVA)",Jr.,6-9,OH,94,402,24,5,58,0,4.89
7,"Ben Harrington, Princeton (EIVA)",Sr.,6-4,,91,342,58,5,48,0,4.71
8,"Tinaishe Ndavazocheva, Ball St. (MIVA)",Jr.,6-6,OH,81,327,24,6,35,0,4.62
9,"Nathan Zini, Saint Francis (NEC)",Jr.,6-7,OPP,107,410,63,1,30,0,4.57
10,"Kyle Hobus, CSUN (Big West)",Sr.,6-8,OH,110,406,46,13,70,0,4.55
11,"Zach Schneider, Daemen (NEC)",Sr.,6-6,OH,83,320,30,4,36,0,4.48
12,"John Kerr, Penn St. (EIVA)",Sr.,6-6,OPP,106,420,28,2,50,0,4.48
13,"Camden Gianni, Grand Canyon (MPSF)",Sr.,6-5,OPP,104,368,56,5,63,0,4.43
14,"Will Rottman, Stanford (MPSF)",Sr.,6-6,OH,74,275,32,7,27,0,4.43
15,"Mark Frazier, Purdue Fort Wayne (MIVA)",Jr.,6-6,MB,98,377,27,5,49,0,4.42
16,"Logan Whitaker, Merrimack (NEC)",So.,6-4,OH,87,324,35,9,31,0,4.41
17,"Jacob Pasteur, Ohio St. (MIVA)",Sr.,6-4,OH,110,390,63,5,44,0,4.36
18,"Jon Diedrich, Purdue Fort Wayne (MIVA)",Sr.,6-6,OPP,99,370,28,8,47,0,4.34
19,"Edgerrin Austin, Erskine (Conference Carolinas)",Sr.,5-11,OH,72,267,25,2,27,0,4.27
20,"Max Roquet, Lewis (MIVA)",Jr.,6-8,OH,112,406,18,13,69,0,4.21
21,"Isaiah Fedd, Fort Valley St. (SIAC)",So.,6-3,OH,59,195,39,3,21,0,4.19
22,"Cole Ketrzynski, Pepperdine (MPSF)",Sr.,6-8,OPP,94,332,26,3,64,0,4.18
23,"Nyherowo Omene, Princeton (EIVA)",Jr.,6-7,,89,311,36,3,40,0,4.16
24,"Eli Zdonek, Emmanuel (GA) (Conference Carolinas)",Sr.,6-0,OH,100,367,27,6,26,0,4.13
25,"Garret Schnitker, Charleston (WV) (EIVA)",Sr.,6-6,RS,97,358,16,6,38,0,4.11
26,"AJ Lewis, Lindenwood (MIVA)",Sr.,6-5,OH,96,309,46,12,35,0,4.01
27,"Omar Hoyos, George Mason (EIVA)",Sr.,6-6,OH,106,343,58,4,39,0,4.00
28,"Phinehas Wiley, Dominican (NY) (ECC)",Fr.,6-5,OH,84,287,29,11,17,0,3.99
29,"Pablo Zamar, Erskine (Conference Carolinas)",Jr.,6-4,OH,69,246,12,2,29,0,3.98
30,"Clarke Godbold, Long Beach St. (Big West)",Sr.,6-5,OPP,74,239,20,6,58,0,3.97
31,"Diego Rosich, North Greenville (Conference Carolinas)",Sr.,6-5,OH,75,257,25,5,21,0,3.97
32,"Zach Puentes, Belmont Abbey (Conference Carolinas)",So.,6-2,OH,94,327,16,7,41,0,3.94
33,"Nate Meyer, Missouri S&T (DI Independent)",So.,6-3,OH,71,239,26,7,15,0,3.94
34,"Dillon Klein, Southern California (MPSF)",So.,6-6,OH,102,351,14,6,60,0,3.93
35,"Clay Wieter, Lindenwood (MIVA)",Sr.,6-6,OH,101,327,46,9,30,0,3.93
36,"Shane Wetzel, Ohio St. (MIVA)",So.,6-7,OPP,102,344,24,4,57,0,3.93
37,"Anthony Cherfan, UC San Diego (Big West)",Jr.,6-6,OPP,89,279,37,3,58,0,3.91
38,"Luke Benson, BYU (MPSF)",Jr.,6-7,OH,86,297,19,2,35,0,3.90
39,"Ian Schuller, Lindenwood (MIVA)",So.,6-5,OPP,95,319,33,4,27,0,3.89
40,"Deklan Wingo, Tusculum (DI Independent)",Jr.,6-4,OH,107,371,16,15,18,0,3.84
41,"Warren Davis, King (TN) (Conference Carolinas)",Sr.,6-0,OH,82,290,10,5,15,0,3.81
42,"Jack Bolz, George Mason (EIVA)",Sr.,6-7,OPP,79,256,24,3,35,0,3.80
43,"Sotiris Siapanis, Long Beach St. (Big West)",Jr.,6-3,OH,97,308,29,2,59,0,3.80
44,"Cameron Milligan, Daemen (NEC)",Sr.,6-6,OPP,82,252,30,8,42,0,3.79
45,"Matthew Staskunas, Belmont Abbey (Conference Carolinas)",Jr.,6-5,OH,95,300,38,1,39,0,3.77
46,"Alaka‘i Todd, Hawaii (Big West)",Sr.,6-8,OPP,97,305,27,8,52,0,3.77
47,"Skyler Varga, Long Beach St. (Big West)",Jr.,6-7,OH,95,283,33,2,80,0,3.77
48,"Jack Brinkman, Queens (NC) (MIVA)",Sr.,6-2,OH,91,285,36,6,25,0,3.73
49,"Jalen Phillips, CSUN (Big West)",Fr.,6-6,OPP,104,340,13,8,46,0,3.69
50,"Kyran  Versteegen, St. Thomas Aquinas (ECC)",Fr.,6-4,S,78,227,33,8,38,0,3.68
51,"Robert Santana, American Int'l (ECC)",So.,6-1,OH,68,223,13,4,12,0,3.62
52,"Aaron Sallade, Missouri S&T (DI Independent)",So.,6-6,OPP,71,226,13,5,25,0,3.61
53,"Luke Kraft, Maryville (MO) (DI Independent)",Fr.,6-5,OPP,95,282,28,14,37,0,3.61
54,"Ties Cornelissen, CUI (MPSF)",Fr.,6-6,OH,70,221,10,4,28,0,3.56
55,"Tyrone Sands, Central St. (OH) (SIAC)",Jr.,6-4,MH,115,348,22,7,61,0,3.54
56,"Alessandro Negri, NJIT (EIVA)",Jr.,6-4,OH,101,324,15,3,31,0,3.54
57,"Kevin Schuele, McKendree (MIVA)",Jr.,6-4,OH,88,264,33,1,24,0,3.52
58,"Hayden Frear, Mount Olive (Conference Carolinas)",Sr.,6-3,OH,86,255,25,7,25,0,3.48
59,"Jack Deuchar, Southern California (MPSF)",Jr.,6-9,OPP,100,298,25,2,43,0,3.47
60,"Kale Spencer, LIU (NEC)",So.,6-5,S,80,226,21,8,44,0,3.46
61,"Miks Ramanis, BYU (MPSF)",Jr.,6-4,OH,83,239,24,4,32,0,3.41
62,"Daniel Fabikovic, Loyola Chicago (MIVA)",Fr.,6-6,OH,95,273,18,7,48,0,3.39
63,"Andrew Deardorff, Saint Francis (NEC)",Jr.,6-5,OH,95,275,24,2,39,0,3.37
64,"Cooper Robinson, UCLA (MPSF)",Jr.,6-7,OH,95,250,35,5,59,0,3.36
65,"Jackson Hickman, Grand Canyon (MPSF)",Sr.,6-4,OH,110,317,21,4,55,0,3.36
66,"Griffin Wheatley, Lincoln Memorial (DI Independent)",Fr.,6-6,OH,65,189,19,0,19,0,3.35
67,"Griffin Monrad, Roberts Wesleyan (ECC)",Fr.,6-3,OPP,82,214,41,3,25,0,3.30
68,"Justin Gregory, Mount Olive (Conference Carolinas)",Sr.,6-6,OPP,84,222,21,9,49,0,3.29
69,"Aidan Feeney, Emmanuel (GA) (Conference Carolinas)",So.,6-5,OH,84,249,9,3,30,0,3.29
70,"Carlos Santa Cruz, Sacred Heart (NEC)",Sr.,6-5,S,108,310,26,6,25,0,3.28
71,"Logan Keothavy, North Greenville (Conference Carolinas)",Fr.,6-0,OH,85,249,11,6,25,0,3.28
72,"Jack Sandahl, Barton (Conference Carolinas)",Jr.,6-3,OH,65,177,8,8,36,0,3.25
73,"Gabriel Vieira, St. Thomas Aquinas (ECC)",Fr.,6-6,OH,78,217,11,3,43,0,3.24
74,"Kupono Browne, BYU (MPSF)",Sr.,6-5,OPP,90,229,38,1,46,0,3.23
75,"Jaxon Hicks, Fort Valley St. (SIAC)",Jr.,6-3,OPP,78,206,26,6,28,0,3.23
76,"Colby Landry, Tusculum (DI Independent)",Sr.,6-0,OH,102,299,18,9,6,0,3.23
77,"Ian De Wilde, D'Youville (NEC)",Jr.,6-1,OH,61,178,9,3,13,0,3.22
78,"Livan Moreno, LIU (NEC)",Sr.,6-3,OH,76,197,22,6,38,0,3.21
79,"Makai Scott, Maryville (MO) (DI Independent)",Fr.,6-0,OH,93,280,8,2,10,0,3.17
80,"Owen Fanning, Harvard (EIVA)",Jr.,6-7,OH,80,211,13,6,46,0,3.16
81,"Toby Ezeonu, Penn St. (EIVA)",Sr.,6-7,MB,112,259,36,19,78,0,3.15
82,"Matthew Gentry, Lincoln Memorial (DI Independent)",Sr.,6-7,MH,87,196,29,14,70,0,3.15
83,"Brandon Johnston, Barton (Conference Carolinas)",Sr.,6-3,OH,91,246,18,8,28,0,3.14
84,"Jake Read, Loyola Chicago (MIVA)",Fr.,6-4,OH,83,211,30,3,31,0,3.13
85,"Ethan Young, FDU (NEC)",Sr.,6-3,OH,81,222,15,4,24,0,3.12
86,"Akin Akinwumi, Pepperdine (MPSF)",Sr.,6-5,OH,81,216,13,3,32,0,3.06
87,"Chance Shampine, Queens (NC) (MIVA)",Fr.,6-2,OH,85,228,18,3,18,0,3.04
88,"Daniel Haber, Lewis (MIVA)",So.,6-6,OH,91,240,10,4,42,0,3.02
89,"Chey Cooper, Fort Valley St. (SIAC)",Sr.,6-1,OH,78,178,34,7,30,0,3.00
90,"Maxim Grigoriev, UC Irvine (Big West)",So.,6-4,MB,117,256,36,12,91,0,2.99
91,"Griffin Walters, CSUN (Big West)",Sr.,6-6,OH,99,240,37,7,20,0,2.97
92,"Tymek Brzoza, D'Youville (NEC)",Jr.,6-5,MB,81,196,5,17,43,0,2.96
93,"Gage Doble, CUI (MPSF)",So.,6-5,OH,72,175,17,7,23,0,2.92
94,"Ryan Barnett, Pepperdine (MPSF)",So.,6-5,OH,80,200,14,1,34,0,2.90
95,"Ben Coordt, UC Santa Barbara (Big West)",So.,6-4,OH,93,230,18,4,35,0,2.90
96,"Paul Fillion, Roberts Wesleyan (ECC)",Fr.,6-4,MH,82,192,19,9,34,0,2.89
96,"Christian Galoppo, CUI (MPSF)",Fr.,6-6,OPP,82,196,16,6,38,0,2.89
98,"Louis Sakanoko, Hawaii (Big West)",Fr.,6-5,OH,73,162,31,1,27,0,2.84
99,"Kory Grant, Mount Olive (Conference Carolinas)",So.,6-3,OPP,83,198,23,2,24,0,2.83
99,"Sebastian Lara, UC San Diego (Big West)",Jr.,6-4,OH,83,210,5,5,30,0,2.83
